<?xml version="1.0" encoding="UTF-8"?>
<project-private xmlns="http://www.netbeans.org/ns/project-private/1">
    <editor-bookmarks xmlns="http://www.netbeans.org/ns/editor-bookmarks/2" lastBookmarkId="0"/>
    <open-files xmlns="http://www.netbeans.org/ns/projectui-open-files/2">
        <group>
            <file>file:/C:/Users/Abhishek/Documents/NetBeansProjects/ChatEncrypter-master/src/ChatEncrypter/Cryptography/RSA.java</file>
            <file>file:/C:/Users/Abhishek/Documents/NetBeansProjects/ChatEncrypter-master/src/ChatEncrypter/Cryptography/AES.java</file>
            <file>file:/C:/Users/Abhishek/Documents/NetBeansProjects/ChatEncrypter-master/src/ClientMain.java</file>
            <file>file:/C:/Users/Abhishek/Documents/NetBeansProjects/ChatEncrypter-master/src/ChatEncrypter/Cryptography/DES.java</file>
            <file>file:/C:/Users/Abhishek/Documents/NetBeansProjects/ChatEncrypter-master/src/ClientLogin.java</file>
        </group>
    </open-files>
</project-private>
